"canvasNoteID","canvasid","NoteTypeID","DivID","Date","Subject","Description","Note","createbyid","ModifiedByID"
"3","6","5369","5344","2011-07-20 00:00:00","dfgsg","ewfxcsd","gdfgsd","1","1"
"2","3","5370","5344","2011-07-20 00:00:00","testes tesesteste","test test test","test test test tes","1","1"
"4","12","5431","5344","2011-07-20 00:00:00","dsfsdfsdf","dfsfsd","fsdfsdf","1","1"
"5","35","5368","5344","2011-07-21 00:00:00","Description","Notes","Subject","1","1"
"6","36","5369","5344","2011-07-22 00:00:00","Client Method Of Contact","This note is to test","The client would like to be contacted on their landline as their cellphone batteries are broken","1","1"
"7","36","5445","5344","2011-07-21 00:00:00","I like this note","No i dont like this note","maybe i like it just a litle","1","1"
"8","39","5922","5830","2011-12-20 00:00:00","Test fusion","kjhlkh","kjhkjhkjh","1","1"
"9","40","5922","5957","2012-01-17 00:00:00","","Description","Notes","1","1"
"10","46","5854","5830","2012-02-02 00:00:00","Test Notes 1","Test Notes 1","Test Notes 1","1","1"
